birthmonth,birthmonth (values only)
11,November
May,May
5,May
Dec,December
Sep,September
March,March
11,November
Aug,August
July,July
9,September
December,December
5,May
January,January
1,January
6,June
4,April
1,January
Apr,April
12,December
3,March
7,July
9,September
4,April
Oct,October
5,May
12,December
March,March
11,November
10,October
May,May
4,April
Jul,July
12,December
Oct,October
7,July
December,December
2,February
8,August
May,May
2,February
Nov,November
September,September
Jan,January
February,February
January,January
Dec,December
August,August
Apr,April
10,October
March,March
8,August
3,March
Dec,December
7,July
May,May
9,September
May,May
April,April
April,April
August,August
9,September
Dec,December
Feb,February
November,November
Mar,March
September,September
Dec,December
November,November
November,November
May,May
8,August
December,December
Jun,June
Oct,October
Sep,September
2,February
May,May
9,September
December,December
8,August
Feb,February
11,November
Jun,June
February,February
Jan,January
Nov,November
August,August
January,January
3,March
Mar,March
Aug,August
Dec,December
Jun,June
November,November
9,September
Mar,March
Jan,January
Jan,January
May,May
5,May
April,April
August,August
Dec,December
July,July
Mar,March
8,August
April,April
May,May
8,August
January,January
12,December
May,May
May,May
August,August
March,March
Jul,July
1,January
Feb,February
Dec,December
2,February
3,March
March,March
4,April
February,February
November,November
June,June
Mar,March
June,June
10,October
Jul,July
Feb,February
9,September
Apr,April
May,May
10,October
10,October
June,June
February,February
April,April
Sep,September
Jun,June
12,December
Nov,November
Oct,October
2,February
Sep,September
December,December
November,November
9,September
Aug,August
May,May
3,March
November,November
Aug,August
12,December
4,April
August,August
1,January
Oct,October
12,December
Jan,January
1,January
April,April
May,May
Aug,August
Feb,February
4,April
7,July
4,April
Jun,June
Aug,August
Sep,September
August,August
Oct,October
June,June
June,June
7,July
June,June
5,May
3,March
March,March
Jun,June
6,June
Dec,December
4,April
Nov,November
April,April
Sep,September
December,December
July,July
5,May
July,July
May,May
September,September
Jul,July
May,May
10,October
Jun,June
1,January
11,November
10,October
April,April
Mar,March
11,November
March,March
12,December
November,November
Oct,October
Mar,March
4,April
Jan,January
Nov,November
August,August
Jun,June
November,November
10,October
May,May
Apr,April
5,May
Mar,March
July,July
Sep,September
Feb,February
Dec,December
2,February
3,March
Oct,October
11,November
Jun,June
December,December
May,May
4,April
6,June
February,February
July,July
Oct,October
December,December
3,March
Feb,February
Apr,April
9,September
Jun,June
Nov,November
Jan,January
March,March
Jan,January
August,August
March,March
12,December
May,May
January,January
December,December
Apr,April
8,August
January,January
Dec,December
April,April
June,June
March,March
Nov,November
6,June
7,July
Jan,January
November,November
Nov,November
December,December
July,July
Oct,October
10,October
April,April
Mar,March
July,July
8,August
January,January
April,April
January,January
December,December
February,February
10,October
11,November
2,February
Mar,March
Nov,November
8,August
Sep,September
Dec,December
Feb,February
April,April
Oct,October
Jul,July
Dec,December
January,January
Mar,March
January,January
November,November
4,April
Nov,November
1,January
2,February
May,May
4,April
May,May
12,December
9,September
January,January
March,March
Feb,February
Dec,December
Nov,November
August,August
June,June
May,May
Aug,August
Jul,July
12,December
April,April
Sep,September
March,March
8,August
Jul,July
Aug,August
June,June
June,June
Jul,July
3,March
2,February
July,July
Jun,June
Dec,December
Jul,July
1,January
April,April
June,June
January,January
5,May
4,April
December,December
September,September
4,April
Jun,June
August,August
July,July
December,December
Jul,July
4,April
7,July
March,March
January,January
February,February
Sep,September
Dec,December
Feb,February
6,June
Feb,February
4,April
July,July
August,August
8,August
12,December
5,May
Feb,February
9,September
Oct,October
Jan,January
7,July
Nov,November
5,May
6,June
3,March
September,September
Jan,January
8,August
4,April
3,March
8,August
Apr,April
2,February
December,December
January,January
Mar,March
November,November
Jun,June
July,July
2,February
9,September
10,October
June,June
January,January
9,September
Jan,January
December,December
August,August
6,June
6,June
1,January
September,September
1,January
9,September
8,August
2,February
10,October
Mar,March
June,June
May,May
Nov,November
Dec,December
5,May
Jul,July
8,August
8,August
Feb,February
2,February
May,May
6,June
November,November
5,May
June,June
2,February
February,February
May,May
Jun,June
7,July
September,September
April,April
4,April
March,March
Nov,November
April,April
Nov,November
2,February
June,June
3,March
11,November
12,December
Aug,August
1,January
Feb,February
May,May
Apr,April
May,May
May,May
July,July
January,January
4,April
Sep,September
Jul,July
5,May
Jan,January
4,April
3,March
3,March
December,December
Oct,October
August,August
3,March
March,March
Dec,December
Jan,January
1,January
April,April
Apr,April
8,August
Dec,December
January,January
February,February
2,February
Oct,October
6,June
Aug,August
Jun,June
May,May
Jan,January
Dec,December
11,November
9,September
3,March
11,November
Aug,August
May,May
June,June
August,August
Jan,January
November,November
6,June
7,July
May,May
Nov,November
11,November
Jul,July
September,September
4,April
Jun,June
July,July
December,December
June,June
September,September
5,May
July,July
July,July
December,December
6,June
Jul,July
May,May
Jun,June
7,July
May,May
Aug,August
September,September
4,April
12,December
4,April
8,August
Apr,April
January,January
Jun,June
Feb,February
4,April
Feb,February
11,November
5,May
Nov,November
Jul,July
8,August
December,December
Jun,June
3,March
April,April
6,June
2,February
November,November
November,November
10,October
May,May
5,May
Mar,March
Jun,June
April,April
3,March
November,November
2,February
10,October
Mar,March
Jun,June
Nov,November
Feb,February
Dec,December
November,November
6,June
Jun,June
Mar,March
Feb,February
3,March
11,November
Nov,November
Apr,April
January,January
April,April
Aug,August
August,August
Dec,December
Dec,December
Jan,January
Dec,December
3,March
August,August
February,February
8,August
January,January
Oct,October
8,August
Mar,March
Mar,March
June,June
12,December
5,May
Nov,November
Dec,December
September,September
Aug,August
1,January
12,December
May,May
August,August
Jun,June
Sep,September
8,August
Feb,February
11,November
9,September
Apr,April
Nov,November
August,August
Mar,March
May,May
10,October
4,April
June,June
Dec,December
3,March
Aug,August
6,June
Jan,January
Aug,August
Sep,September
Mar,March
July,July
4,April
9,September
1,January
November,November
Nov,November
3,March
Aug,August
11,November
December,December
August,August
1,January
Jul,July
8,August
September,September
April,April
Oct,October
Sep,September
March,March
July,July
4,April
11,November
2,February
September,September
Sep,September
8,August
February,February
1,January
December,December
Mar,March
January,January
10,October
Feb,February
June,June
12,December
February,February
4,April
10,October
May,May
March,March
January,January
April,April
Oct,October
9,September
August,August
Aug,August
May,May
January,January
Jun,June
6,June
April,April
November,November
April,April
4,April
Jan,January
Jul,July
May,May
11,November
9,September
11,November
January,January
June,June
September,September
June,June
11,November
Aug,August
Jan,January
Jan,January
Sep,September
10,October
6,June
5,May
November,November
12,December
Mar,March
March,March
3,March
November,November
5,May
Feb,February
May,May
12,December
3,March
September,September
Feb,February
3,March
5,May
7,July
10,October
7,July
Aug,August
August,August
Feb,February
Oct,October
Jul,July
6,June
May,May
Jun,June
10,October
Dec,December
Nov,November
December,December
May,May
Nov,November
November,November
Mar,March
Jul,July
February,February
Dec,December
May,May
3,March
5,May
Feb,February
9,September
February,February
9,September
Jun,June
September,September
9,September
January,January
June,June
February,February
6,June
Jan,January
11,November
Oct,October
10,October
November,November
November,November
February,February
February,February
11,November
Jul,July
4,April
Mar,March
9,September
September,September
7,July
10,October
Oct,October
12,December
12,December
April,April
2,February
12,December
Nov,November
April,April
June,June
June,June
6,June
Aug,August
12,December
December,December
November,November
4,April
March,March
January,January
Oct,October
4,April
November,November
6,June
2,February
4,April
June,June
Apr,April
Dec,December
5,May
Dec,December
7,July
Oct,October
Nov,November
12,December
Nov,November
2,February
3,March
6,June
January,January
1,January
Oct,October
November,November
1,January
May,May
Dec,December
Jun,June
11,November
February,February
June,June
1,January
4,April
July,July
Jun,June
9,September
Oct,October
10,October
10,October
July,July
September,September
9,September
Jan,January
2,February
September,September
August,August
Feb,February
March,March
Jul,July
9,September
April,April
7,July
9,September
5,May
Oct,October
May,May
May,May
3,March
May,May
December,December
Feb,February
2,February
6,June
Dec,December
January,January
Nov,November
July,July
9,September
August,August
January,January
8,August
Sep,September
May,May
Aug,August
3,March
Nov,November
12,December
9,September
10,October
8,August
Jul,July
Apr,April
5,May
Sep,September
9,September
11,November
Aug,August
Sep,September
11,November
Jul,July
7,July
June,June
September,September
February,February
5,May
Sep,September
April,April
Nov,November
4,April
December,December
Jul,July
February,February
7,July
May,May
5,May
3,March
1,January
7,July
January,January
Jul,July
Mar,March
5,May
Jan,January
June,June
2,February
August,August
July,July
December,December
March,March
December,December
4,April
July,July
April,April
December,December
10,October
April,April
Jul,July
July,July
Nov,November
8,August
Mar,March
July,July
Mar,March
February,February
10,October
Oct,October
4,April
August,August
December,December
April,April
Jan,January
May,May
12,December
Mar,March
10,October
July,July
1,January
December,December
9,September
Nov,November
December,December
Jun,June
Mar,March
Apr,April
January,January
Aug,August
November,November
3,March
November,November
7,July
5,May
January,January
7,July
Nov,November
4,April
July,July
2,February
November,November
11,November
March,March
August,August
June,June
7,July
8,August
Nov,November
1,January
January,January
4,April
Jun,June
7,July
Aug,August
April,April
November,November
November,November
September,September
Sep,September
Jul,July
August,August
July,July
8,August
April,April
July,July
Apr,April
11,November
Nov,November
3,March
Jun,June
11,November
8,August
Oct,October
Jun,June
December,December
3,March
7,July
November,November
3,March
Mar,March
6,June
July,July
4,April
November,November
5,May
Dec,December
March,March
11,November
Mar,March
November,November
September,September
12,December
3,March
6,June
3,March
July,July
11,November
Feb,February
1,January
Dec,December
February,February
Oct,October
11,November
August,August
Jul,July
May,May
June,June
May,May
9,September
Mar,March
1,January
Jul,July
10,October
1,January
Jul,July
6,June
1,January
Mar,March
September,September
May,May
February,February
May,May
4,April
May,May
September,September
May,May
March,March
4,April
Jan,January
2,February
Jul,July
March,March
May,May
Dec,December
6,June
9,September
3,March
January,January
1,January
June,June
September,September
4,April
8,August
12,December
May,May
Dec,December
June,June
Jun,June
1,January
January,January
1,January
12,December
2,February
Dec,December
Mar,March
Jul,July
May,May
May,May
May,May
3,March
Feb,February
July,July
Jun,June
Apr,April
Apr,April
Nov,November
August,August
4,April
2,February
Nov,November
Apr,April
July,July
May,May
7,July
Jan,January
3,March
4,April
Jan,January
10,October
7,July
May,May
February,February
1,January
8,August
Oct,October
Feb,February
8,August
6,June
August,August
August,August
Oct,October
Nov,November
Dec,December
January,January
Dec,December
2,February
6,June
April,April
3,March
September,September
4,April
7,July
Feb,February
Feb,February
May,May
6,June
Jan,January
Jul,July
Jul,July
1,January
Mar,March
Nov,November
4,April
May,May
Jun,June
12,December
3,March
Oct,October
Dec,December
April,April
Aug,August
Nov,November
3,March
Feb,February
Jun,June
6,June
Feb,February
1,January
Apr,April
Jul,July
Jul,July
March,March
December,December
1,January
September,September
1,January
6,June
May,May
Jul,July
February,February
1,January
11,November
December,December
June,June
May,May
June,June
10,October
August,August
March,March
1,January
3,March
Jul,July
8,August
1,January
Jan,January
3,March
Mar,March
Jan,January
December,December
May,May
8,August
February,February
5,May
September,September
May,May
Apr,April
September,September
3,March
Apr,April
6,June
12,December
3,March
6,June
7,July
12,December
February,February
Jan,January
11,November
January,January
8,August
May,May
August,August
August,August
12,December
July,July
April,April
Mar,March
March,March
10,October
January,January
Sep,September
December,December
6,June
Apr,April
10,October
August,August
8,August
5,May
Sep,September
Jul,July
Mar,March
April,April
Oct,October
Jun,June
August,August
June,June
Oct,October
Oct,October
December,December
9,September
2,February
May,May
December,December
12,December
March,March
June,June
2,February
12,December
July,July
6,June
Jul,July
June,June
November,November
10,October
4,April
Apr,April
September,September
Aug,August
5,May
6,June
Oct,October
September,September
2,February
January,January
1,January
December,December
May,May
June,June
6,June
3,March
12,December
June,June
July,July
12,December
Sep,September
Oct,October
December,December
Jan,January
9,September
6,June
Oct,October
August,August
Dec,December
9,September
March,March
Sep,September
10,October
December,December
March,March
January,January
1,January
6,June
Mar,March
Apr,April
11,November
2,February
Mar,March
May,May
12,December
January,January
Oct,October
December,December
March,March
Apr,April
5,May
3,March
11,November
Sep,September
Jul,July
August,August
Aug,August
Nov,November
Feb,February
Apr,April
Aug,August
8,August
Dec,December
December,December
10,October
Apr,April
Apr,April
7,July
Jun,June
5,May
2,February
Feb,February
January,January
December,December
11,November
July,July
Apr,April
January,January
December,December
Jun,June
Dec,December
1,January
Nov,November
7,July
November,November
November,November
2,February
2,February
11,November
June,June
4,April
5,May
June,June
Feb,February
12,December
9,September
November,November
6,June
4,April
December,December
Aug,August
11,November
August,August
Sep,September
April,April
5,May
10,October
12,December
December,December
Jun,June
Sep,September
Mar,March
9,September
3,March
10,October
2,February
6,June
Dec,December
11,November
4,April
August,August
6,June
January,January
5,May
10,October
8,August
August,August
Apr,April
Jan,January
Nov,November
July,July
Mar,March
August,August
February,February
Jun,June
April,April
Apr,April
Jun,June
4,April
2,February
10,October
7,July
Mar,March
April,April
September,September
May,May
2,February
November,November
1,January
August,August
Sep,September
May,May
Mar,March
11,November
4,April
May,May
Jul,July
12,December
March,March
Jul,July
Mar,March
Apr,April
Nov,November
12,December
Nov,November
2,February
Apr,April
Oct,October
11,November
12,December
June,June
June,June
10,October
September,September
Oct,October
1,January
Jun,June
4,April
9,September
December,December
5,May
11,November
Sep,September
Oct,October
Jun,June
February,February
1,January
10,October
March,March
Nov,November
2,February
Jan,January
4,April
9,September
Aug,August
Jul,July
June,June
12,December
Aug,August
March,March
July,July
7,July
5,May
Nov,November
11,November
Jul,July
April,April
Nov,November
September,September
Sep,September
July,July
November,November
7,July
Dec,December
December,December
5,May
Aug,August
Nov,November
8,August
4,April
8,August
Feb,February
May,May
Jun,June
February,February
6,June
6,June
3,March
Mar,March
9,September
Mar,March
Jan,January
9,September
May,May
2,February
2,February
March,March
Mar,March
Nov,November
10,October
Dec,December
2,February
Jan,January
2,February
6,June
Dec,December
May,May
10,October
Mar,March
Jan,January
Sep,September
5,May
March,March
Aug,August
January,January
May,May
2,February
9,September
August,August
10,October
Nov,November
January,January
11,November
March,March
November,November
April,April
Apr,April
November,November
7,July
August,August
2,February
2,February
1,January
February,February
Feb,February
5,May
August,August
Nov,November
11,November
Mar,March
9,September
June,June
May,May
April,April
11,November
April,April
September,September
1,January
Dec,December
January,January
Jan,January
August,August
April,April
Nov,November
Sep,September
May,May
May,May
September,September
April,April
June,June
11,November
Jun,June
9,September
September,September
December,December
10,October
March,March
December,December
July,July
June,June
2,February
Oct,October
March,March
February,February
11,November
4,April
Jul,July
Jan,January
November,November
Oct,October
6,June
May,May
September,September
6,June
Feb,February
May,May
Jan,January
7,July
Nov,November
2,February
May,May
3,March
2,February
February,February
3,March
10,October
June,June
Oct,October
December,December
July,July
March,March
1,January
12,December
11,November
April,April
January,January
Aug,August
May,May
November,November
June,June
Nov,November
7,July
8,August
Aug,August
June,June
Sep,September
3,March
9,September
4,April
September,September
1,January
Dec,December
Jan,January
March,March
January,January
2,February
May,May
5,May
Dec,December
Nov,November
November,November
Jul,July
Mar,March
9,September
March,March
Apr,April
5,May
January,January
February,February
8,August
Dec,December
Sep,September
Jun,June
3,March
July,July
Nov,November
9,September
June,June
2,February
6,June
Sep,September
5,May
April,April
5,May
January,January
4,April
7,July
March,March
Apr,April
6,June
Feb,February
Jan,January
Nov,November
4,April
Oct,October
May,May
4,April
Jul,July
7,July
5,May
Oct,October
Jun,June
4,April
July,July
December,December
Oct,October
August,August
September,September
Dec,December
Feb,February
July,July
6,June
September,September
Dec,December
Dec,December
4,April
Mar,March
8,August
6,June
Dec,December
Mar,March
September,September
March,March
8,August
Feb,February
July,July
March,March
4,April
May,May
7,July
7,July
Nov,November
1,January
May,May
2,February
November,November
Feb,February
3,March
12,December
May,May
June,June
June,June
March,March
Oct,October
September,September
8,August
6,June
7,July
February,February
5,May
Jan,January
Nov,November
May,May
December,December
June,June
November,November
May,May
December,December
March,March
10,October
Nov,November
12,December
Dec,December
Aug,August
4,April
Jun,June
December,December
7,July
9,September
5,May
Feb,February
February,February
1,January
2,February
Mar,March
10,October
12,December
Apr,April
Jun,June
January,January
6,June
2,February
1,January
Aug,August
September,September
11,November
12,December
Oct,October
May,May
Dec,December
April,April
8,August
Jul,July
September,September
11,November
5,May
Jul,July
Jan,January
7,July
3,March
5,May
Jun,June
April,April
September,September
1,January
8,August
Nov,November
April,April
8,August
Aug,August
Jan,January
Jun,June
3,March
Oct,October
Aug,August
Feb,February
8,August
May,May
Sep,September
9,September
May,May
Oct,October
Jan,January
Oct,October
7,July
Sep,September
5,May
February,February
May,May
September,September
Apr,April
Apr,April
6,June
5,May
May,May
Oct,October
5,May
August,August
March,March
May,May
5,May
June,June
2,February
9,September
November,November
Nov,November
Dec,December
1,January
11,November
Dec,December
Feb,February
3,March
12,December
Apr,April
April,April
May,May
Feb,February
5,May
7,July
8,August
10,October
April,April
9,September
Aug,August
Aug,August
9,September
8,August
1,January
5,May
7,July
November,November
Jul,July
Aug,August
May,May
2,February
May,May
7,July
June,June
July,July
6,June
Apr,April
Nov,November
February,February
Apr,April
2,February
3,March
December,December
7,July
May,May
September,September
3,March
November,November
Aug,August
11,November
5,May
August,August
Jul,July
Jun,June
5,May
Jan,January
Jun,June
4,April
12,December
March,March
Dec,December
April,April
Jun,June
Nov,November
3,March
June,June
April,April
9,September
September,September
6,June
1,January
Dec,December
8,August
Jun,June
Jun,June
May,May
July,July
February,February
3,March
Nov,November
4,April
5,May
August,August
Jul,July
Jul,July
Aug,August
6,June
Apr,April
9,September
May,May
10,October
Aug,August
11,November
August,August
April,April
7,July
11,November
Jul,July
5,May
Jan,January
10,October
November,November
August,August
Apr,April
Nov,November
Jan,January
2,February
11,November
5,May
Mar,March
11,November
January,January
June,June
Jan,January
December,December
September,September
8,August
Nov,November
Mar,March
Dec,December
12,December
Jan,January
Jan,January
July,July
July,July
May,May
Apr,April
July,July
8,August
Sep,September
Mar,March
11,November
Nov,November
Dec,December
12,December
Jun,June
7,July
Feb,February
Jun,June
Sep,September
6,June
10,October
December,December
Aug,August
8,August
Oct,October
May,May
Feb,February
Apr,April
January,January
4,April
Feb,February
Oct,October
Oct,October
Jan,January
8,August
July,July
1,January
Dec,December
1,January
12,December
Sep,September
Sep,September
March,March
March,March
5,May
7,July
3,March
May,May
Sep,September
July,July
November,November
September,September
Oct,October
August,August
Nov,November
9,September
Jan,January
Sep,September
12,December
1,January
January,January
10,October
May,May
12,December
Feb,February
1,January
4,April
June,June
Dec,December
8,August
Dec,December
September,September
May,May
Jun,June
Mar,March
December,December
11,November
December,December
February,February
1,January
March,March
Oct,October
December,December
11,November
February,February
Jan,January
September,September
Jan,January
Jan,January
Sep,September
Jan,January
Sep,September
Oct,October
1,January
September,September
4,April
September,September
Dec,December
10,October
July,July
10,October
1,January
Sep,September
Oct,October
Feb,February
June,June
Mar,March
Mar,March
11,November
7,July
May,May
December,December
Apr,April
Aug,August
12,December
1,January
6,June
12,December
8,August
July,July
January,January
Jul,July
2,February
January,January
September,September
Jun,June
4,April
Feb,February
Dec,December
11,November
12,December
April,April
11,November
April,April
Oct,October
March,March
Dec,December
Jun,June
Jul,July
July,July
5,May
Apr,April
8,August
Jun,June
5,May
May,May
December,December
2,February
5,May
November,November
2,February
Jun,June
Feb,February
3,March
9,September
12,December
Feb,February
12,December
December,December
May,May
Jun,June
February,February
January,January
6,June
6,June
May,May
March,March
Mar,March
August,August
August,August
7,July
4,April
July,July
August,August
Jul,July
July,July
5,May
April,April
Sep,September
December,December
November,November
May,May
June,June
Jul,July
September,September
9,September
Dec,December
Jul,July
8,August
6,June
3,March
January,January
1,January
August,August
January,January
Apr,April
Jan,January
January,January
June,June
March,March
Apr,April
Feb,February
September,September
11,November
Aug,August
4,April
4,April
1,January
8,August
7,July
Feb,February
Aug,August
Dec,December
7,July
5,May
June,June
November,November
April,April
Dec,December
January,January
11,November
6,June
December,December
Nov,November
Oct,October
April,April
Jan,January
10,October
5,May
2,February
1,January
November,November
Oct,October
September,September
Aug,August
1,January
Jan,January
Oct,October
June,June
February,February
December,December
Nov,November
January,January
11,November
Jun,June
May,May
April,April
12,December
Dec,December
August,August
6,June
4,April
Jul,July
10,October
July,July
Jan,January
July,July
November,November
10,October
5,May
March,March
9,September
7,July
Aug,August
Feb,February
Apr,April
June,June
April,April
9,September
10,October
Apr,April
5,May
July,July
April,April
4,April
Aug,August
Feb,February
April,April
July,July
Aug,August
Dec,December
Feb,February
Oct,October
7,July
Apr,April
6,June
12,December
June,June
4,April
Oct,October
Sep,September
5,May
Oct,October
11,November
5,May
Feb,February
Nov,November
Feb,February
November,November
Aug,August
January,January
September,September
8,August
Dec,December
May,May
November,November
9,September
May,May
9,September
Nov,November
8,August
12,December
November,November
Dec,December
Jun,June
9,September
September,September
January,January
December,December
January,January
August,August
August,August
4,April
9,September
November,November
Apr,April
4,April
Jun,June
10,October
10,October
December,December
Mar,March
April,April
1,January
Apr,April
Dec,December
December,December
May,May
September,September
5,May
May,May
3,March
April,April
6,June
11,November
2,February
Jan,January
February,February
10,October
5,May
September,September
Oct,October
5,May
Nov,November
June,June
January,January
7,July
July,July
12,December
July,July
July,July
5,May
11,November
5,May
June,June
Aug,August
June,June
8,August
February,February
9,September
10,October
January,January
12,December
July,July
8,August
2,February
7,July
Jan,January
February,February
April,April
Oct,October
12,December
May,May
Mar,March
May,May
Apr,April
Nov,November
May,May
Mar,March
Apr,April
6,June
September,September
11,November
December,December
April,April
January,January
12,December
Jun,June
September,September
January,January
Jan,January
10,October
1,January
September,September
Mar,March
August,August
Jul,July
Jun,June
Feb,February
Feb,February
Jan,January
Jan,January
2,February
Feb,February
Apr,April
September,September
Mar,March
Sep,September
Jun,June
Jan,January
February,February
June,June
12,December
1,January
5,May
March,March
May,May
Feb,February
December,December
December,December
Sep,September
1,January
3,March
September,September
8,August
Nov,November
5,May
July,July
7,July
1,January
Apr,April
7,July
4,April
5,May
April,April
July,July
Nov,November
6,June
4,April
Mar,March
11,November
11,November
Jul,July
4,April
7,July
January,January
May,May
Apr,April
February,February
Jul,July
July,July
10,October
May,May
Mar,March
6,June
6,June
Jul,July
June,June
May,May
June,June
Dec,December
May,May
March,March
2,February
January,January
May,May
Feb,February
Oct,October
12,December
July,July
5,May
May,May
1,January
April,April
7,July
5,May
August,August
November,November
May,May
9,September
12,December
Nov,November
November,November
June,June
12,December
Apr,April
Sep,September
12,December
Dec,December
Mar,March
9,September
March,March
Nov,November
8,August
3,March
10,October
Aug,August
6,June
6,June
April,April
Mar,March
8,August
4,April
10,October
10,October
Jun,June
Oct,October
Jul,July
Mar,March
Mar,March
2,February
5,May
March,March
10,October
June,June
11,November
2,February
Oct,October
Sep,September
November,November
December,December
11,November
June,June
5,May
May,May
March,March
March,March
July,July
5,May
2,February
Nov,November
Jun,June
May,May
August,August
5,May
September,September
1,January
April,April
February,February
March,March
10,October
2,February
Sep,September
February,February
November,November
July,July
August,August
9,September
2,February
2,February
June,June
7,July
6,June
Jan,January
April,April
3,March
11,November
12,December
April,April
Oct,October
Nov,November
Jan,January
April,April
Nov,November
Nov,November
Jan,January
September,September
10,October
May,May
Feb,February
Sep,September
Nov,November
July,July
4,April
December,December
May,May
January,January
1,January
8,August
September,September
Nov,November
12,December
May,May
March,March
9,September
January,January
Nov,November
May,May
January,January
12,December
3,March
1,January
August,August
1,January
January,January
Sep,September
Apr,April
May,May
9,September
Dec,December
12,December
Sep,September
3,March
Dec,December
12,December
February,February
Apr,April
1,January
11,November
Feb,February
Apr,April
Oct,October
6,June
December,December
May,May
Nov,November
September,September
April,April
Jan,January
Nov,November
Oct,October
5,May
Oct,October
1,January
5,May
Jul,July
5,May
4,April
1,January
Apr,April
4,April
5,May
June,June
January,January
Nov,November
12,December
May,May
Sep,September
February,February
Nov,November
Jan,January
February,February
11,November
11,November
12,December
September,September
April,April
July,July
Aug,August
2,February
Jan,January
4,April
Aug,August
Mar,March
May,May
7,July
4,April
August,August
Feb,February
July,July
Dec,December
August,August
February,February
Aug,August
May,May
Mar,March
10,October
Jan,January
Dec,December
April,April
May,May
Oct,October
10,October
Jul,July
10,October
May,May
January,January
December,December
May,May
4,April
Dec,December
Oct,October
8,August
November,November
1,January
4,April
Feb,February
May,May
April,April
4,April
4,April
3,March
Sep,September
Jan,January
Oct,October
June,June
6,June
August,August
Dec,December
2,February
April,April
8,August
Oct,October
8,August
Aug,August
Nov,November
Nov,November
9,September
2,February
September,September
Jan,January
April,April
Apr,April
Oct,October
June,June
July,July
May,May
1,January
May,May
May,May
August,August
7,July
11,November
5,May
6,June
April,April
July,July
Nov,November
Jul,July
Jan,January
January,January
Nov,November
Jan,January
December,December
12,December
8,August
12,December
Nov,November
January,January
2,February
11,November
September,September
December,December
Feb,February
5,May
Oct,October
Mar,March
May,May
June,June
Apr,April
Mar,March
6,June
6,June
Jun,June
11,November
Jun,June
11,November
4,April
4,April
5,May
Dec,December
9,September
Aug,August
September,September
September,September
August,August
8,August
Apr,April
1,January
Oct,October
Sep,September
June,June
5,May
Jan,January
May,May
6,June
Mar,March
Sep,September
August,August
Jul,July
7,July
5,May
Dec,December
9,September
November,November
9,September
Dec,December
Jun,June
Dec,December
3,March
Jul,July
3,March
Aug,August
March,March
Jul,July
8,August
11,November
9,September
5,May
January,January
Oct,October
3,March
Jan,January
5,May
April,April
6,June
1,January
June,June
November,November
February,February
4,April
8,August
May,May
4,April
July,July
3,March
Nov,November
July,July
1,January
Apr,April
Jan,January
January,January
Jan,January
November,November
9,September
12,December
January,January
Aug,August
6,June
May,May
Jan,January
Mar,March
May,May
10,October
July,July
12,December
7,July
June,June
Aug,August
August,August
August,August
10,October
Feb,February
12,December
11,November
Nov,November
Dec,December
August,August
Aug,August
Jul,July
Nov,November
5,May
May,May
Jun,June
3,March
May,May
Jan,January
September,September
10,October
Feb,February
April,April
Jan,January
5,May
January,January
February,February
12,December
Jan,January
9,September
May,May
11,November
12,December
6,June
Oct,October
7,July
July,July
Sep,September
June,June
Jan,January
Mar,March
Sep,September
7,July
Mar,March
September,September
January,January
July,July
9,September
2,February
7,July
March,March
Apr,April
July,July
4,April
12,December
Feb,February
12,December
January,January
September,September
11,November
11,November
11,November
March,March
Aug,August
2,February
2,February
Mar,March
May,May
12,December
May,May
12,December
Feb,February
Aug,August
Jan,January
2,February
January,January
4,April
11,November
Nov,November
3,March
10,October
10,October
11,November
June,June
July,July
7,July
May,May
November,November
July,July
Jan,January
February,February
November,November
June,June
3,March
Aug,August
June,June
12,December
Aug,August
August,August
6,June
9,September
9,September
Sep,September
11,November
June,June
April,April
May,May
Jun,June
11,November
February,February
April,April
December,December
Apr,April
3,March
July,July
Sep,September
10,October
Mar,March
10,October
Mar,March
August,August
Jul,July
Sep,September
February,February
Apr,April
10,October
Aug,August
6,June
March,March
Jul,July
Jul,July
November,November
7,July
November,November
December,December
8,August
9,September
3,March
1,January
8,August
Feb,February
7,July
March,March
Apr,April
2,February
Mar,March
5,May
August,August
Oct,October
December,December
1,January
June,June
Jul,July
Jun,June
12,December
Mar,March
February,February
January,January
November,November
March,March
Aug,August
Jul,July
12,December
10,October
August,August
12,December
February,February
Nov,November
Dec,December
Aug,August
Oct,October
Jan,January
4,April
January,January
April,April
4,April
12,December
Aug,August
8,August
Jun,June
11,November
May,May
February,February
May,May
8,August
Jun,June
9,September
July,July
Nov,November
1,January
April,April
5,May
10,October
Mar,March
9,September
Apr,April
September,September
Mar,March
Aug,August
Nov,November
Dec,December
7,July
2,February
Aug,August
May,May
11,November
Nov,November
November,November
Apr,April
February,February
5,May
Dec,December
June,June
6,June
8,August
July,July
March,March
5,May
Dec,December
6,June
December,December
Oct,October
7,July
January,January
3,March
Oct,October
2,February
August,August
8,August
February,February
Sep,September
7,July
3,March
10,October
September,September
February,February
May,May
Oct,October
8,August
November,November
July,July
May,May
10,October
2,February
July,July
Feb,February
3,March
December,December
Nov,November
Feb,February
3,March
Oct,October
Feb,February
Jan,January
Jul,July
July,July
March,March
4,April
April,April
May,May
March,March
May,May
July,July
12,December
Jul,July